0,1,105,146,0,0,0,0,0,0,0,0,0,0,0,0,0,0,0,0,1,1,0.00,0.00,0.00,0.00,1.00,0.00,0.00,255,254,1.00,0.01,0.00,0.00,0.00,0.00,0.00,0.00,0,0,0
0,1,1,1,0,0,0,0,0,0,0,0,0,0,0,0,0,0,0,0,511,1,0.00,0.00,0.00,0.00,0.00,0.98,0.00,255,1,0.00,0.96,1.00,0.00,0.00,0.00,0.00,0.00,0,1,1
0,2,1032,0,0,0,0,0,0,0,0,0,0,0,0,0,0,0,0,0,113,113,0.00,0.00,0.00,0.00,1.00,0.00,0.00,255,255,1.00,0.00,1.00,0.00,0.00,0.00,0.00,0.00,0,0,1
0,1,42,42,0,0,0,0,0,0,0,0,0,0,0,0,0,0,0,0,3,4,0.00,0.00,0.00,0.00,1.00,0.00,0.50,255,255,1.00,0.00,0.01,0.00,0.00,0.00,0.00,0.00,0,0,0
0,2,520,0,0,0,0,0,0,0,0,0,0,0,0,0,0,0,0,0,511,511,0.00,0.00,0.00,0.00,1.00,0.00,0.00,255,255,1.00,0.00,1.00,0.00,0.00,0.00,0.00,0.00,0,0,1
0,0,319,0,0,0,0,0,0,0,0,0,0,0,0,0,0,0,0,0,2,1,0.00,0.00,0.00,0.00,0.50,1.00,0.00,101,1,0.01,0.08,0.20,0.00,0.00,0.00,0.00,0.00,0,0,0
0,0,0,0,0,0,0,0,0,0,0,0,0,0,0,0,0,0,0,0,102,8,0.00,0.00,1.00,1.00,0.08,0.07,0.00,255,8,0.03,0.06,0.00,0.00,0.00,0.00,1.00,1.00,0,0,1
0,0,307,3222,0,0,0,0,0,1,0,0,0,0,0,0,0,0,0,0,5,5,0.00,0.00,0.00,0.00,1.00,0.00,0.00,255,239,0.94,0.02,0.00,0.00,0.00,0.00,0.00,0.00,0,0,0
0,2,1032,0,0,0,0,0,0,0,0,0,0,0,0,0,0,0,0,0,511,511,0.00,0.00,0.00,0.00,1.00,0.00,0.00,255,255,1.00,0.00,1.00,0.00,0.00,0.00,0.00,0.00,0,0,1
0,2,1032,0,0,0,0,0,0,0,0,0,0,0,0,0,0,0,0,0,511,511,0.00,0.00,0.00,0.00,1.00,0.00,0.00,255,255,1.00,0.00,1.00,0.00,0.00,0.00,0.00,0.00,0,0,1
0,2,1032,0,0,0,0,0,0,0,0,0,0,0,0,0,0,0,0,0,511,511,0.00,0.00,0.00,0.00,1.00,0.00,0.00,255,255,1.00,0.00,1.00,0.00,0.00,0.00,0.00,0.00,0,0,1
1,0,2599,293,0,0,0,0,0,1,0,0,0,0,0,0,0,0,0,0,3,3,0.00,0.00,0.00,0.00,1.00,0.00,0.00,255,247,0.97,0.04,0.00,0.00,0.00,0.00,0.03,0.00,1,0,0
0,2,1032,0,0,0,0,0,0,0,0,0,0,0,0,0,0,0,0,0,126,126,0.00,0.00,0.00,0.00,1.00,0.00,0.00,255,255,1.00,0.00,1.00,0.00,0.00,0.00,0.00,0.00,0,0,1
0,0,0,0,0,0,0,0,0,0,0,0,0,0,0,0,0,0,0,0,168,11,0.00,0.00,1.00,1.00,0.07,0.07,0.00,255,11,0.04,0.07,0.00,0.00,0.00,0.00,1.00,1.00,0,0,1
0,2,1032,0,0,0,0,0,0,0,0,0,0,0,0,0,0,0,0,0,511,511,0.00,0.00,0.00,0.00,1.00,0.00,0.00,255,255,1.00,0.00,1.00,0.00,0.00,0.00,0.00,0.00,0,0,1
0,2,1032,0,0,0,0,0,0,0,0,0,0,0,0,0,0,0,0,0,511,511,0.00,0.00,0.00,0.00,1.00,0.00,0.00,255,255,1.00,0.00,1.00,0.00,0.00,0.00,0.00,0.00,0,0,1
0,2,1032,0,0,0,0,0,0,0,0,0,0,0,0,0,0,0,0,0,511,511,0.00,0.00,0.00,0.00,1.00,0.00,0.00,255,255,1.00,0.00,1.00,0.00,0.00,0.00,0.00,0.00,0,0,1
0,0,0,0,0,0,0,0,0,0,0,0,0,0,0,0,0,0,0,0,210,5,1.00,1.00,0.00,0.00,0.02,0.07,0.00,255,5,0.02,0.08,0.00,0.00,1.00,1.00,0.00,0.00,0,0,1
0,0,0,0,0,0,0,0,0,0,0,0,0,0,0,0,0,0,0,0,122,13,1.00,1.00,0.00,0.00,0.11,0.07,0.00,255,13,0.05,0.06,0.00,0.00,1.00,1.00,0.00,0.00,0,0,1
1,0,2599,293,0,0,0,0,0,1,0,0,0,0,0,0,0,0,0,0,2,2,0.00,0.00,0.00,0.00,1.00,0.00,0.00,255,247,0.97,0.04,0.00,0.00,0.00,0.00,0.03,0.00,1,0,0
0,1,105,146,0,0,0,0,0,0,0,0,0,0,0,0,0,0,0,0,1,1,0.00,0.00,0.00,0.00,1.00,0.00,0.00,255,251,0.98,0.01,0.00,0.00,0.00,0.00,0.00,0.00,0,0,0
0,1,45,115,0,0,0,0,0,0,0,0,0,0,0,0,0,0,0,0,1,2,0.00,0.00,0.00,0.00,1.00,0.00,1.00,255,252,0.99,0.01,0.00,0.00,0.00,0.00,0.00,0.00,0,0,0
0,0,389,1725,0,0,0,0,0,1,0,0,0,0,0,0,0,0,0,0,18,18,0.00,0.00,0.00,0.00,1.00,0.00,0.00,204,255,1.00,0.00,0.00,0.02,0.00,0.00,0.00,0.00,0,0,0
0,2,1032,0,0,0,0,0,0,0,0,0,0,0,0,0,0,0,0,0,128,128,0.00,0.00,0.00,0.00,1.00,0.00,0.00,255,255,1.00,0.00,1.00,0.00,0.00,0.00,0.00,0.00,0,0,1
0,0,0,0,0,0,0,0,0,0,0,0,0,0,0,0,0,0,0,0,145,1,0.26,0.00,0.71,1.00,0.01,1.00,0.00,255,1,0.00,0.40,0.00,0.00,0.18,0.00,0.73,1.00,0,1,1
0,2,1032,0,0,0,0,0,0,0,0,0,0,0,0,0,0,0,0,0,121,121,0.00,0.00,0.00,0.00,1.00,0.00,0.00,255,255,1.00,0.00,1.00,0.00,0.00,0.00,0.00,0.00,0,0,1
0,0,328,5098,0,0,0,0,0,1,0,0,0,0,0,0,0,0,0,0,7,17,0.00,0.00,0.00,0.00,1.00,0.00,0.18,41,253,1.00,0.00,0.02,0.06,0.00,0.00,0.00,0.00,0,0,0
0,2,520,0,0,0,0,0,0,0,0,0,0,0,0,0,0,0,0,0,511,511,0.00,0.00,0.00,0.00,1.00,0.00,0.00,255,255,1.00,0.00,1.00,0.00,0.00,0.00,0.00,0.00,0,0,1
0,0,0,0,0,0,0,0,0,0,0,0,0,0,0,0,0,0,0,0,252,13,0.00,0.00,1.00,1.00,0.05,0.07,0.00,255,13,0.05,0.07,0.00,0.00,0.00,0.00,1.00,1.00,0,0,1
0,2,1032,0,0,0,0,0,0,0,0,0,0,0,0,0,0,0,0,0,511,511,0.00,0.00,0.00,0.00,1.00,0.00,0.00,255,255,1.00,0.00,1.00,0.00,0.00,0.00,0.00,0.00,0,0,1
0,2,1032,0,0,0,0,0,0,0,0,0,0,0,0,0,0,0,0,0,511,511,0.00,0.00,0.00,0.00,1.00,0.00,0.00,255,255,1.00,0.00,1.00,0.00,0.00,0.00,0.00,0.00,0,0,1
0,2,1032,0,0,0,0,0,0,0,0,0,0,0,0,0,0,0,0,0,167,167,0.00,0.00,0.00,0.00,1.00,0.00,0.00,255,255,1.00,0.00,1.00,0.00,0.00,0.00,0.00,0.00,0,0,1
0,1,105,146,0,0,0,0,0,0,0,0,0,0,0,0,0,0,0,0,1,1,0.00,0.00,0.00,0.00,1.00,0.00,0.00,255,254,1.00,0.01,0.00,0.00,0.00,0.00,0.00,0.00,0,0,0
0,2,1032,0,0,0,0,0,0,0,0,0,0,0,0,0,0,0,0,0,511,511,0.00,0.00,0.00,0.00,1.00,0.00,0.00,255,255,1.00,0.00,1.00,0.00,0.00,0.00,0.00,0.00,0,0,1
0,1,43,0,0,0,0,0,0,0,0,0,0,0,0,0,0,0,0,0,4,4,0.00,0.00,0.00,0.00,1.00,0.00,0.00,255,255,1.00,0.00,0.01,0.00,0.00,0.00,0.00,0.00,1,0,0
0,0,0,0,0,0,0,0,0,0,0,0,0,0,0,0,0,0,0,0,201,2,0.00,0.00,1.00,1.00,0.01,0.07,0.00,255,2,0.01,0.07,0.00,0.00,0.00,0.00,1.00,1.00,0,0,1
0,1,42,42,0,0,0,0,0,0,0,0,0,0,0,0,0,0,0,0,2,3,0.00,0.00,0.00,0.00,1.00,0.00,0.67,255,255,1.00,0.00,0.00,0.00,0.00,0.00,0.00,0.00,0,0,0
0,0,208,172,0,0,0,0,0,1,0,0,0,0,0,0,0,0,0,0,29,29,0.00,0.00,0.00,0.00,1.00,0.00,0.00,58,255,1.00,0.00,0.02,0.02,0.00,0.00,0.00,0.00,0,0,0
0,0,0,0,0,0,0,0,0,0,0,0,0,0,0,0,0,0,0,0,240,16,0.00,0.00,1.00,1.00,0.07,0.06,0.00,255,16,0.06,0.07,0.00,0.00,0.00,0.00,1.00,1.00,0,0,1
0,0,0,0,0,0,0,0,0,0,0,0,0,0,0,0,0,0,0,0,281,19,0.00,0.00,1.00,1.00,0.07,0.06,0.00,255,19,0.07,0.07,0.00,0.00,0.00,0.00,1.00,1.00,0,0,1
0,2,1032,0,0,0,0,0,0,0,0,0,0,0,0,0,0,0,0,0,511,511,0.00,0.00,0.00,0.00,1.00,0.00,0.00,255,255,1.00,0.00,1.00,0.00,0.00,0.00,0.00,0.00,0,0,1
0,2,1032,0,0,0,0,0,0,0,0,0,0,0,0,0,0,0,0,0,511,511,0.00,0.00,0.00,0.00,1.00,0.00,0.00,255,255,1.00,0.00,1.00,0.00,0.00,0.00,0.00,0.00,0,0,1
0,2,1032,0,0,0,0,0,0,0,0,0,0,0,0,0,0,0,0,0,115,115,0.00,0.00,0.00,0.00,1.00,0.00,0.00,255,255,1.00,0.00,1.00,0.00,0.00,0.00,0.00,0.00,0,0,1
0,2,520,0,0,0,0,0,0,0,0,0,0,0,0,0,0,0,0,0,511,511,0.00,0.00,0.00,0.00,1.00,0.00,0.00,255,255,1.00,0.00,1.00,0.00,0.00,0.00,0.00,0.00,0,0,1
0,1,42,42,0,0,0,0,0,0,0,0,0,0,0,0,0,0,0,0,4,5,0.00,0.00,0.00,0.00,1.00,0.00,0.40,255,255,1.00,0.00,0.01,0.00,0.00,0.00,0.00,0.00,0,0,0
0,2,520,0,0,0,0,0,0,0,0,0,0,0,0,0,0,0,0,0,511,511,0.00,0.00,0.00,0.00,1.00,0.00,0.00,255,255,1.00,0.00,1.00,0.00,0.00,0.00,0.00,0.00,0,0,1
0,2,520,0,0,0,0,0,0,0,0,0,0,0,0,0,0,0,0,0,511,511,0.00,0.00,0.00,0.00,1.00,0.00,0.00,255,255,1.00,0.00,1.00,0.00,0.00,0.00,0.00,0.00,0,0,1
0,2,520,0,0,0,0,0,0,0,0,0,0,0,0,0,0,0,0,0,511,511,0.00,0.00,0.00,0.00,1.00,0.00,0.00,255,255,1.00,0.00,1.00,0.00,0.00,0.00,0.00,0.00,0,0,1
0,0,0,0,0,0,0,0,0,0,0,0,0,0,0,0,0,0,0,0,282,12,0.00,0.00,1.00,1.00,0.04,0.06,0.00,255,12,0.05,0.07,0.00,0.00,0.00,0.00,1.00,1.00,0,0,1
0,0,0,0,0,0,0,0,0,0,0,0,0,0,0,0,0,0,0,0,243,6,0.00,0.00,1.00,1.00,0.02,0.07,0.00,255,6,0.02,0.07,0.00,0.00,0.00,0.00,1.00,1.00,0,0,1
0,0,0,0,0,0,0,0,0,0,0,0,0,0,0,0,0,0,0,0,41,3,1.00,1.00,0.00,0.00,0.07,0.20,0.00,255,3,0.01,0.17,0.00,0.00,1.00,1.00,0.00,0.00,0,0,1
0,2,1032,0,0,0,0,0,0,0,0,0,0,0,0,0,0,0,0,0,511,511,0.00,0.00,0.00,0.00,1.00,0.00,0.00,255,255,1.00,0.00,1.00,0.00,0.00,0.00,0.00,0.00,0,0,1
0,2,1032,0,0,0,0,0,0,0,0,0,0,0,0,0,0,0,0,0,510,510,0.00,0.00,0.00,0.00,1.00,0.00,0.00,255,255,1.00,0.00,1.00,0.00,0.00,0.00,0.00,0.00,0,0,1
0,0,0,0,0,0,0,0,0,0,0,0,0,0,0,0,0,0,0,0,1,1,0.00,0.00,1.00,1.00,1.00,0.00,0.00,255,1,0.00,0.94,0.93,0.00,0.00,0.00,0.93,1.00,0,1,1
0,1,85,45,0,0,0,0,0,0,0,0,0,0,0,0,0,0,0,0,125,125,0.00,0.00,0.00,0.00,1.00,0.00,0.00,255,234,0.92,0.01,0.09,0.00,0.00,0.00,0.00,0.00,0,0,0
0,0,0,0,0,0,0,0,0,0,0,0,0,0,0,0,0,0,0,0,277,12,0.00,0.00,1.00,1.00,0.04,0.06,0.00,255,12,0.05,0.07,0.00,0.00,0.00,0.00,1.00,1.00,0,0,1
0,2,1032,0,0,0,0,0,0,0,0,0,0,0,0,0,0,0,0,0,511,511,0.00,0.00,0.00,0.00,1.00,0.00,0.00,255,255,1.00,0.00,1.00,0.00,0.00,0.00,0.00,0.00,0,0,1
0,2,508,0,0,0,0,0,0,0,0,0,0,0,0,0,0,0,0,0,511,511,0.00,0.00,0.00,0.00,1.00,0.00,0.00,255,255,1.00,0.00,1.00,0.00,0.00,0.00,0.00,0.00,0,0,1
0,0,0,0,0,0,0,0,0,0,0,0,0,0,0,0,0,0,0,0,193,1,0.00,0.00,1.00,1.00,0.01,0.06,0.00,255,1,0.00,0.07,0.00,0.00,0.00,0.00,1.00,1.00,0,0,1
0,0,0,0,0,0,0,0,0,0,0,0,0,0,0,0,0,0,0,0,141,7,0.00,0.00,1.00,1.00,0.05,0.06,0.00,255,7,0.03,0.06,0.00,0.00,0.00,0.00,1.00,1.00,0,0,1
0,2,1032,0,0,0,0,0,0,0,0,0,0,0,0,0,0,0,0,0,127,127,0.00,0.00,0.00,0.00,1.00,0.00,0.00,255,255,1.00,0.00,1.00,0.00,0.00,0.00,0.00,0.00,0,0,1
0,2,1032,0,0,0,0,0,0,0,0,0,0,0,0,0,0,0,0,0,448,448,0.00,0.00,0.00,0.00,1.00,0.00,0.00,255,255,1.00,0.00,1.00,0.00,0.00,0.00,0.00,0.00,0,0,1
0,0,279,1938,0,0,0,0,0,1,0,0,0,0,0,0,0,0,0,0,5,13,0.00,0.00,0.00,0.00,1.00,0.00,0.31,60,255,1.00,0.00,0.02,0.06,0.00,0.00,0.00,0.00,0,0,0
0,0,283,790,0,0,0,0,0,1,0,0,0,0,0,0,0,0,0,0,17,17,0.00,0.00,0.00,0.00,1.00,0.00,0.00,255,255,1.00,0.00,0.00,0.00,0.00,0.00,0.00,0.00,0,0,0
7530,0,0,44,0,0,0,0,0,0,0,0,0,0,0,0,0,0,0,0,1,1,0.00,0.00,0.00,0.00,1.00,0.00,0.00,255,186,0.73,0.02,0.00,0.00,0.40,0.39,0.01,0.01,1,0,0
1,0,3975,363,0,0,0,0,0,1,0,0,0,0,0,0,0,0,0,0,1,2,0.00,0.00,0.00,0.00,1.00,0.00,1.00,238,150,0.56,0.02,0.00,0.01,0.00,0.00,0.00,0.00,0,0,0
0,0,0,0,0,0,0,0,0,0,0,0,0,0,0,0,0,0,0,0,281,16,1.00,1.00,0.00,0.00,0.06,0.06,0.00,255,16,0.06,0.06,0.00,0.00,1.00,1.00,0.00,0.00,0,0,1
0,0,0,0,0,0,0,0,0,0,0,0,0,0,0,0,0,0,0,0,140,10,1.00,1.00,0.00,0.00,0.07,0.06,0.00,255,10,0.04,0.06,0.00,0.00,1.00,1.00,0.00,0.00,0,0,1
0,2,1032,0,0,0,0,0,0,0,0,0,0,0,0,0,0,0,0,0,511,511,0.00,0.00,0.00,0.00,1.00,0.00,0.00,255,255,1.00,0.00,1.00,0.00,0.00,0.00,0.00,0.00,0,0,1
0,2,520,0,0,0,0,0,0,0,0,0,0,0,0,0,0,0,0,0,511,511,0.00,0.00,0.00,0.00,1.00,0.00,0.00,255,255,1.00,0.00,1.00,0.00,0.00,0.00,0.00,0.00,0,0,1
0,0,0,0,0,0,0,0,0,0,0,0,0,0,0,0,0,0,0,0,250,10,0.00,0.00,1.00,1.00,0.04,0.06,0.00,255,10,0.04,0.07,0.00,0.00,0.00,0.00,1.00,1.00,0,0,1
0,2,1032,0,0,0,0,0,0,0,0,0,0,0,0,0,0,0,0,0,510,510,0.00,0.00,0.00,0.00,1.00,0.00,0.00,255,255,1.00,0.00,1.00,0.00,0.00,0.00,0.00,0.00,0,0,1
0,2,1032,0,0,0,0,0,0,0,0,0,0,0,0,0,0,0,0,0,106,106,0.00,0.00,0.00,0.00,1.00,0.00,0.00,255,255,1.00,0.00,1.00,0.00,0.00,0.00,0.00,0.00,0,0,1
0,0,0,0,0,0,0,0,0,0,0,0,0,0,0,0,0,0,0,0,120,2,0.00,0.00,1.00,1.00,0.02,0.07,0.00,255,2,0.01,0.06,0.00,0.00,0.00,0.00,1.00,1.00,0,0,1
0,2,1032,0,0,0,0,0,0,0,0,0,0,0,0,0,0,0,0,0,511,511,0.00,0.00,0.00,0.00,1.00,0.00,0.00,255,255,1.00,0.00,1.00,0.00,0.00,0.00,0.00,0.00,0,0,1
0,2,520,0,0,0,0,0,0,0,0,0,0,0,0,0,0,0,0,0,511,511,0.00,0.00,0.00,0.00,1.00,0.00,0.00,255,255,1.00,0.00,1.00,0.00,0.00,0.00,0.00,0.00,0,0,1
0,2,1032,0,0,0,0,0,0,0,0,0,0,0,0,0,0,0,0,0,114,114,0.00,0.00,0.00,0.00,1.00,0.00,0.00,255,255,1.00,0.00,1.00,0.00,0.00,0.00,0.00,0.00,0,0,1
0,0,285,12884,0,0,0,0,0,1,0,0,0,0,0,0,0,0,0,0,3,3,0.00,0.00,0.00,0.00,1.00,0.00,0.00,189,189,1.00,0.00,0.01,0.00,0.01,0.01,0.00,0.00,0,0,0
0,0,0,0,0,0,0,0,0,0,0,0,0,0,0,0,0,0,0,0,280,11,1.00,1.00,0.00,0.00,0.04,0.06,0.00,255,11,0.04,0.06,0.00,0.00,1.00,1.00,0.00,0.00,0,0,1
0,2,1032,0,0,0,0,0,0,0,0,0,0,0,0,0,0,0,0,0,511,511,0.00,0.00,0.00,0.00,1.00,0.00,0.00,255,255,1.00,0.00,1.00,0.00,0.00,0.00,0.00,0.00,0,0,1
0,2,508,0,0,0,0,0,0,0,0,0,0,0,0,0,0,0,0,0,511,511,0.00,0.00,0.00,0.00,1.00,0.00,0.00,255,255,1.00,0.00,1.00,0.00,0.00,0.00,0.00,0.00,0,0,1
0,2,520,0,0,0,0,0,0,0,0,0,0,0,0,0,0,0,0,0,511,511,0.00,0.00,0.00,0.00,1.00,0.00,0.00,255,255,1.00,0.00,1.00,0.00,0.00,0.00,0.00,0.00,0,0,1
0,2,1032,0,0,0,0,0,0,0,0,0,0,0,0,0,0,0,0,0,509,509,0.00,0.00,0.00,0.00,1.00,0.00,0.00,255,255,1.00,0.00,1.00,0.00,0.00,0.00,0.00,0.00,0,0,1
0,0,1315,330,0,0,0,0,0,1,0,0,0,0,0,0,0,0,0,0,1,1,0.00,0.00,0.00,0.00,1.00,0.00,0.00,190,148,0.62,0.03,0.01,0.01,0.00,0.00,0.00,0.00,0,0,0
0,2,520,0,0,0,0,0,0,0,0,0,0,0,0,0,0,0,0,0,510,510,0.00,0.00,0.00,0.00,1.00,0.00,0.00,255,255,1.00,0.00,1.00,0.00,0.00,0.00,0.00,0.00,0,0,1
0,0,292,334,0,0,0,0,0,1,0,0,0,0,0,0,0,0,0,0,4,4,0.00,0.00,0.00,0.00,1.00,0.00,0.00,78,255,1.00,0.00,0.01,0.03,0.00,0.00,0.00,0.00,0,0,0
0,0,300,2459,0,0,0,0,0,1,0,0,0,0,0,0,0,0,0,0,7,8,0.00,0.00,0.00,0.00,1.00,0.00,0.25,53,255,1.00,0.00,0.02,0.04,0.00,0.00,0.00,0.00,0,0,0
0,2,1032,0,0,0,0,0,0,0,0,0,0,0,0,0,0,0,0,0,511,511,0.00,0.00,0.00,0.00,1.00,0.00,0.00,255,255,1.00,0.00,1.00,0.00,0.00,0.00,0.00,0.00,0,0,1
0,2,1032,0,0,0,0,0,0,0,0,0,0,0,0,0,0,0,0,0,158,158,0.00,0.00,0.00,0.00,1.00,0.00,0.00,255,255,1.00,0.00,1.00,0.00,0.00,0.00,0.00,0.00,0,0,1
0,0,0,0,0,0,0,0,0,0,0,0,0,0,0,0,0,0,0,0,144,4,0.00,0.00,1.00,1.00,0.03,0.06,0.00,255,4,0.02,0.05,0.00,0.00,0.00,0.00,1.00,1.00,0,0,1
0,2,1032,0,0,0,0,0,0,0,0,0,0,0,0,0,0,0,0,0,164,164,0.00,0.00,0.00,0.00,1.00,0.00,0.00,255,255,1.00,0.00,1.00,0.00,0.00,0.00,0.00,0.00,0,0,1
0,1,105,147,0,0,0,0,0,0,0,0,0,0,0,0,0,0,0,0,1,1,0.00,0.00,0.00,0.00,1.00,0.00,0.00,255,253,0.99,0.01,0.00,0.00,0.00,0.00,0.00,0.00,1,0,0
1,0,2599,293,0,0,0,0,0,1,0,0,0,0,0,0,0,0,0,0,3,3,0.00,0.00,0.00,0.00,1.00,0.00,0.00,255,246,0.96,0.04,0.00,0.00,0.00,0.00,0.03,0.00,1,0,0
0,2,1032,0,0,0,0,0,0,0,0,0,0,0,0,0,0,0,0,0,164,164,0.00,0.00,0.00,0.00,1.00,0.00,0.00,255,255,1.00,0.00,1.00,0.00,0.00,0.00,0.00,0.00,0,0,1
0,1,105,146,0,0,0,0,0,0,0,0,0,0,0,0,0,0,0,0,2,2,0.00,0.00,0.00,0.00,1.00,0.00,0.00,255,254,1.00,0.01,0.00,0.00,0.00,0.00,0.00,0.00,0,0,0
0,2,1032,0,0,0,0,0,0,0,0,0,0,0,0,0,0,0,0,0,510,510,0.00,0.00,0.00,0.00,1.00,0.00,0.00,255,255,1.00,0.00,1.00,0.00,0.00,0.00,0.00,0.00,0,0,1
0,0,293,12941,0,0,0,0,0,1,0,0,0,0,0,0,0,0,0,0,3,3,0.00,0.00,0.00,0.00,1.00,0.00,0.00,41,255,1.00,0.00,0.02,0.04,0.00,0.00,0.00,0.00,0,0,0
0,2,1032,0,0,0,0,0,0,0,0,0,0,0,0,0,0,0,0,0,165,165,0.00,0.00,0.00,0.00,1.00,0.00,0.00,255,255,1.00,0.00,1.00,0.00,0.00,0.00,0.00,0.00,0,0,1
0,2,1032,0,0,0,0,0,0,0,0,0,0,0,0,0,0,0,0,0,511,511,0.00,0.00,0.00,0.00,1.00,0.00,0.00,255,255,1.00,0.00,1.00,0.00,0.00,0.00,0.00,0.00,0,0,1
0,0,1699,0,0,0,0,0,0,0,0,0,0,0,0,0,0,0,0,0,1,1,0.00,0.00,0.00,0.00,1.00,0.00,0.00,36,7,0.19,0.11,0.19,0.00,0.00,0.00,0.00,0.00,0,0,0
0,2,520,0,0,0,0,0,0,0,0,0,0,0,0,0,0,0,0,0,511,511,0.00,0.00,0.00,0.00,1.00,0.00,0.00,255,255,1.00,0.00,1.00,0.00,0.00,0.00,0.00,0.00,0,0,1
0,0,348,507,0,0,0,0,0,1,0,0,0,0,0,0,0,0,0,0,10,10,0.00,0.00,0.00,0.00,1.00,0.00,0.00,255,255,1.00,0.00,0.00,0.00,0.00,0.00,0.00,0.00,0,0,0
0,2,1032,0,0,0,0,0,0,0,0,0,0,0,0,0,0,0,0,0,511,511,0.00,0.00,0.00,0.00,1.00,0.00,0.00,255,255,1.00,0.00,1.00,0.00,0.00,0.00,0.00,0.00,0,0,1
0,2,1032,0,0,0,0,0,0,0,0,0,0,0,0,0,0,0,0,0,112,112,0.00,0.00,0.00,0.00,1.00,0.00,0.00,255,255,1.00,0.00,1.00,0.00,0.00,0.00,0.00,0.00,0,0,1
0,1,105,147,0,0,0,0,0,0,0,0,0,0,0,0,0,0,0,0,1,1,0.00,0.00,0.00,0.00,1.00,0.00,0.00,255,254,1.00,0.01,0.00,0.00,0.00,0.00,0.00,0.00,0,0,0
0,0,0,0,0,0,0,0,0,0,0,0,0,0,0,0,0,0,0,0,220,6,1.00,1.00,0.00,0.00,0.03,0.07,0.00,255,6,0.02,0.08,0.00,0.00,1.00,1.00,0.00,0.00,0,0,1
0,1,46,74,0,0,0,0,0,0,0,0,0,0,0,0,0,0,0,0,160,160,0.00,0.00,0.00,0.00,1.00,0.00,0.00,255,255,1.00,0.00,0.01,0.00,0.00,0.00,0.00,0.00,0,0,0
0,2,1032,0,0,0,0,0,0,0,0,0,0,0,0,0,0,0,0,0,511,511,0.00,0.00,0.00,0.00,1.00,0.00,0.00,255,255,1.00,0.00,1.00,0.00,0.00,0.00,0.00,0.00,0,0,1
0,2,1032,0,0,0,0,0,0,0,0,0,0,0,0,0,0,0,0,0,511,511,0.00,0.00,0.00,0.00,1.00,0.00,0.00,255,255,1.00,0.00,1.00,0.00,0.00,0.00,0.00,0.00,0,0,1
4,0,32,93,0,0,0,0,0,1,0,0,0,0,0,0,0,0,0,0,1,1,0.00,0.00,0.00,0.00,1.00,0.00,0.00,255,246,0.96,0.02,0.00,0.00,0.00,0.00,0.02,0.00,1,0,0
4,0,27,93,0,0,0,0,0,1,0,0,0,0,0,0,0,0,0,0,1,1,0.00,0.00,0.00,0.00,1.00,0.00,0.00,255,212,0.83,0.02,0.00,0.00,0.00,0.00,0.04,0.00,1,0,0
0,2,520,0,0,0,0,0,0,0,0,0,0,0,0,0,0,0,0,0,511,511,0.00,0.00,0.00,0.00,1.00,0.00,0.00,255,255,1.00,0.00,1.00,0.00,0.00,0.00,0.00,0.00,0,0,1
0,2,1032,0,0,0,0,0,0,0,0,0,0,0,0,0,0,0,0,0,141,141,0.00,0.00,0.00,0.00,1.00,0.00,0.00,255,255,1.00,0.00,1.00,0.00,0.00,0.00,0.00,0.00,0,0,1
0,0,0,0,0,0,0,0,0,0,0,0,0,0,0,0,0,0,0,0,1,4,0.00,0.00,1.00,1.00,1.00,0.00,1.00,255,18,0.07,0.03,0.00,0.00,0.00,0.00,0.40,1.00,1,0,0
0,2,520,0,0,0,0,0,0,0,0,0,0,0,0,0,0,0,0,0,511,511,0.00,0.00,0.00,0.00,1.00,0.00,0.00,255,255,1.00,0.00,1.00,0.00,0.00,0.00,0.00,0.00,0,0,1
0,2,1032,0,0,0,0,0,0,0,0,0,0,0,0,0,0,0,0,0,152,152,0.00,0.00,0.00,0.00,1.00,0.00,0.00,255,255,1.00,0.00,1.00,0.00,0.00,0.00,0.00,0.00,0,0,1
0,0,0,0,0,0,0,0,0,0,0,0,0,0,0,0,0,0,0,0,3,30,0.00,0.00,1.00,0.97,0.33,1.00,1.00,255,13,0.05,0.03,0.00,0.00,0.00,0.00,0.17,1.00,1,0,0
0,2,1032,0,0,0,0,0,0,0,0,0,0,0,0,0,0,0,0,0,197,197,0.00,0.00,0.00,0.00,1.00,0.00,0.00,255,255,1.00,0.00,1.00,0.00,0.00,0.00,0.00,0.00,0,0,1
0,2,1032,0,0,0,0,0,0,0,0,0,0,0,0,0,0,0,0,0,511,511,0.00,0.00,0.00,0.00,1.00,0.00,0.00,255,255,1.00,0.00,1.00,0.00,0.00,0.00,0.00,0.00,0,0,1
0,2,1032,0,0,0,0,0,0,0,0,0,0,0,0,0,0,0,0,0,140,140,0.00,0.00,0.00,0.00,1.00,0.00,0.00,255,255,1.00,0.00,1.00,0.00,0.00,0.00,0.00,0.00,0,0,1
0,0,0,0,0,0,0,0,0,0,0,0,0,0,0,0,0,0,0,0,462,1,0.06,0.00,0.94,1.00,0.00,1.00,0.00,255,1,0.00,1.00,0.00,0.00,0.12,0.00,0.88,1.00,0,1,1
0,0,0,0,0,0,0,0,0,0,0,0,0,0,0,0,0,0,0,0,130,7,0.00,0.00,1.00,1.00,0.05,0.06,0.00,255,7,0.03,0.06,0.00,0.00,0.00,0.00,1.00,1.00,0,0,1
0,2,1008,0,0,0,0,0,0,0,0,0,0,0,0,0,0,0,0,0,48,48,0.00,0.00,0.00,0.00,1.00,0.00,0.00,255,255,1.00,0.00,1.00,0.00,0.00,0.00,0.00,0.00,0,0,1
0,2,1032,0,0,0,0,0,0,0,0,0,0,0,0,0,0,0,0,0,511,511,0.00,0.00,0.00,0.00,1.00,0.00,0.00,255,255,1.00,0.00,1.00,0.00,0.00,0.00,0.00,0.00,0,0,1
0,2,1032,0,0,0,0,0,0,0,0,0,0,0,0,0,0,0,0,0,139,139,0.00,0.00,0.00,0.00,1.00,0.00,0.00,255,255,1.00,0.00,1.00,0.00,0.00,0.00,0.00,0.00,0,0,1
0,0,163,4031,0,0,0,0,0,1,0,0,0,0,0,0,0,0,0,0,1,1,0.00,0.00,0.00,0.00,1.00,0.00,0.00,17,251,1.00,0.00,0.06,0.03,0.00,0.00,0.00,0.00,0,0,0
0,2,1032,0,0,0,0,0,0,0,0,0,0,0,0,0,0,0,0,0,511,511,0.00,0.00,0.00,0.00,1.00,0.00,0.00,255,255,1.00,0.00,1.00,0.00,0.00,0.00,0.00,0.00,0,0,1
0,2,1032,0,0,0,0,0,0,0,0,0,0,0,0,0,0,0,0,0,155,155,0.00,0.00,0.00,0.00,1.00,0.00,0.00,255,255,1.00,0.00,1.00,0.00,0.00,0.00,0.00,0.00,0,0,1
0,2,1032,0,0,0,0,0,0,0,0,0,0,0,0,0,0,0,0,0,106,106,0.00,0.00,0.00,0.00,1.00,0.00,0.00,255,255,1.00,0.00,1.00,0.00,0.00,0.00,0.00,0.00,0,0,1
0,2,1032,0,0,0,0,0,0,0,0,0,0,0,0,0,0,0,0,0,511,511,0.00,0.00,0.00,0.00,1.00,0.00,0.00,255,255,1.00,0.00,1.00,0.00,0.00,0.00,0.00,0.00,0,0,1
0,2,520,0,0,0,0,0,0,0,0,0,0,0,0,0,0,0,0,0,509,509,0.00,0.00,0.00,0.00,1.00,0.00,0.00,255,255,1.00,0.00,1.00,0.00,0.00,0.00,0.00,0.00,0,0,1
0,2,520,0,0,0,0,0,0,0,0,0,0,0,0,0,0,0,0,0,511,511,0.00,0.00,0.00,0.00,1.00,0.00,0.00,255,255,1.00,0.00,1.00,0.00,0.00,0.00,0.00,0.00,0,0,1
0,0,378,909,0,0,0,0,0,1,0,0,0,0,0,0,0,0,0,0,11,11,0.00,0.00,0.00,0.00,1.00,0.00,0.00,255,255,1.00,0.00,0.00,0.00,0.00,0.00,0.00,0.00,0,0,0
0,0,0,0,0,0,0,0,0,0,0,0,0,0,0,0,0,0,0,0,216,15,0.00,0.00,1.00,1.00,0.07,0.07,0.00,255,15,0.06,0.07,0.00,0.00,0.00,0.00,1.00,1.00,0,0,1
0,0,229,4044,0,0,0,0,0,1,0,0,0,0,0,0,0,0,0,0,1,1,0.00,0.00,0.00,0.00,1.00,0.00,0.00,247,255,1.00,0.00,0.00,0.02,0.00,0.00,0.00,0.00,0,0,0
0,2,1032,0,0,0,0,0,0,0,0,0,0,0,0,0,0,0,0,0,511,511,0.00,0.00,0.00,0.00,1.00,0.00,0.00,255,255,1.00,0.00,1.00,0.00,0.00,0.00,0.00,0.00,0,0,1
4,0,30,93,0,0,0,0,0,1,0,0,0,0,0,0,0,0,0,0,1,1,0.00,0.00,0.00,0.00,1.00,0.00,0.00,255,221,0.87,0.04,0.00,0.00,0.00,0.00,0.00,0.00,1,0,0
0,0,0,44,0,0,0,0,0,0,0,0,0,0,0,0,0,0,0,0,1,1,1.00,1.00,0.00,0.00,1.00,0.00,0.00,255,135,0.53,0.43,0.00,0.00,0.42,0.79,0.42,0.01,1,0,0
0,1,105,146,0,0,0,0,0,0,0,0,0,0,0,0,0,0,0,0,1,1,0.00,0.00,0.00,0.00,1.00,0.00,0.00,255,254,1.00,0.01,0.00,0.00,0.00,0.00,0.00,0.00,0,0,0
0,0,1112,334,0,0,0,0,0,1,0,0,0,0,0,0,0,0,0,0,1,1,0.00,0.00,0.00,0.00,1.00,0.00,0.00,156,173,0.63,0.03,0.01,0.01,0.00,0.00,0.00,0.00,0,0,0
0,0,0,0,0,0,0,0,0,0,0,0,0,0,0,0,0,0,0,0,128,12,0.00,0.00,1.00,1.00,0.09,0.06,0.00,255,12,0.05,0.05,0.00,0.00,0.00,0.00,1.00,1.00,0,0,1
0,2,1032,0,0,0,0,0,0,0,0,0,0,0,0,0,0,0,0,0,511,511,0.00,0.00,0.00,0.00,1.00,0.00,0.00,255,255,1.00,0.00,1.00,0.00,0.00,0.00,0.00,0.00,0,0,1
0,2,1032,0,0,0,0,0,0,0,0,0,0,0,0,0,0,0,0,0,123,123,0.00,0.00,0.00,0.00,1.00,0.00,0.00,255,255,1.00,0.00,1.00,0.00,0.00,0.00,0.00,0.00,0,0,1
0,2,1032,0,0,0,0,0,0,0,0,0,0,0,0,0,0,0,0,0,511,511,0.00,0.00,0.00,0.00,1.00,0.00,0.00,255,255,1.00,0.00,1.00,0.00,0.00,0.00,0.00,0.00,0,0,1
0,2,520,0,0,0,0,0,0,0,0,0,0,0,0,0,0,0,0,0,511,511,0.00,0.00,0.00,0.00,1.00,0.00,0.00,255,255,1.00,0.00,1.00,0.00,0.00,0.00,0.00,0.00,0,0,1
0,0,0,0,0,0,0,0,0,0,0,0,0,0,0,0,0,0,0,0,145,9,0.81,1.00,0.19,0.00,0.06,0.06,0.00,255,9,0.04,0.05,0.00,0.00,0.73,1.00,0.27,0.00,0,0,1
0,2,1032,0,0,0,0,0,0,0,0,0,0,0,0,0,0,0,0,0,511,511,0.00,0.00,0.00,0.00,1.00,0.00,0.00,255,255,1.00,0.00,1.00,0.00,0.00,0.00,0.00,0.00,0,0,1
0,2,520,0,0,0,0,0,0,0,0,0,0,0,0,0,0,0,0,0,511,511,0.00,0.00,0.00,0.00,1.00,0.00,0.00,255,255,1.00,0.00,1.00,0.00,0.00,0.00,0.00,0.00,0,0,1
0,2,1032,0,0,0,0,0,0,0,0,0,0,0,0,0,0,0,0,0,511,511,0.00,0.00,0.00,0.00,1.00,0.00,0.00,255,255,1.00,0.00,1.00,0.00,0.00,0.00,0.00,0.00,0,0,1
0,2,1032,0,0,0,0,0,0,0,0,0,0,0,0,0,0,0,0,0,511,511,0.00,0.00,0.00,0.00,1.00,0.00,0.00,255,255,1.00,0.00,1.00,0.00,0.00,0.00,0.00,0.00,0,0,1
0,2,1032,0,0,0,0,0,0,0,0,0,0,0,0,0,0,0,0,0,511,511,0.00,0.00,0.00,0.00,1.00,0.00,0.00,255,255,1.00,0.00,1.00,0.00,0.00,0.00,0.00,0.00,0,0,1
0,0,0,0,0,0,0,0,0,0,0,0,0,0,0,0,0,0,0,0,247,9,0.00,0.00,1.00,1.00,0.04,0.07,0.00,255,9,0.04,0.07,0.00,0.00,0.00,0.00,1.00,1.00,0,0,1
0,0,0,0,0,0,0,0,0,0,0,0,0,0,0,0,0,0,0,0,248,5,0.00,0.00,1.00,1.00,0.02,0.07,0.00,255,5,0.02,0.07,0.00,0.00,0.00,0.00,1.00,1.00,0,0,1
0,2,1032,0,0,0,0,0,0,0,0,0,0,0,0,0,0,0,0,0,164,164,0.00,0.00,0.00,0.00,1.00,0.00,0.00,255,255,1.00,0.00,1.00,0.00,0.00,0.00,0.00,0.00,0,0,1
0,2,1032,0,0,0,0,0,0,0,0,0,0,0,0,0,0,0,0,0,510,510,0.00,0.00,0.00,0.00,1.00,0.00,0.00,255,255,1.00,0.00,1.00,0.00,0.00,0.00,0.00,0.00,0,0,1
280,0,283618,0,0,0,0,0,0,0,0,0,0,0,0,0,0,0,0,0,1,1,0.00,0.00,0.00,0.00,1.00,0.00,0.00,1,7,1.00,0.00,1.00,0.29,0.00,0.00,0.00,0.00,1,0,0
0,0,0,0,0,0,0,0,0,0,0,0,0,0,0,0,0,0,0,0,122,18,0.00,0.00,1.00,1.00,0.15,0.06,0.00,255,18,0.07,0.05,0.00,0.00,0.00,0.00,1.00,1.00,0,0,1
0,0,0,0,0,0,0,0,0,0,0,0,0,0,0,0,0,0,0,0,268,5,0.00,0.00,1.00,1.00,0.02,0.06,0.00,255,5,0.02,0.07,0.00,0.00,0.00,0.00,1.00,1.00,0,0,1
0,2,1032,0,0,0,0,0,0,0,0,0,0,0,0,0,0,0,0,0,511,511,0.00,0.00,0.00,0.00,1.00,0.00,0.00,255,255,1.00,0.00,1.00,0.00,0.00,0.00,0.00,0.00,0,0,1
0,1,105,146,0,0,0,0,0,0,0,0,0,0,0,0,0,0,0,0,2,2,0.00,0.00,0.00,0.00,1.00,0.00,0.00,255,254,1.00,0.01,0.00,0.00,0.00,0.00,0.00,0.00,1,0,0
0,2,520,0,0,0,0,0,0,0,0,0,0,0,0,0,0,0,0,0,511,511,0.00,0.00,0.00,0.00,1.00,0.00,0.00,255,255,1.00,0.00,1.00,0.00,0.00,0.00,0.00,0.00,0,0,1
0,0,12,0,0,0,0,0,0,0,0,0,0,0,0,0,0,0,0,0,1,1,0.00,0.00,0.00,0.00,1.00,0.00,0.00,9,9,1.00,0.00,1.00,0.00,0.00,0.00,0.00,0.00,1,0,0
0,2,520,0,0,0,0,0,0,0,0,0,0,0,0,0,0,0,0,0,511,511,0.00,0.00,0.00,0.00,1.00,0.00,0.00,255,255,1.00,0.00,1.00,0.00,0.00,0.00,0.00,0.00,0,0,1
0,0,0,0,0,0,0,0,0,0,0,0,0,0,0,0,0,0,0,0,282,16,0.00,0.00,1.00,1.00,0.06,0.06,0.00,255,16,0.06,0.06,0.00,0.00,0.00,0.00,1.00,1.00,0,0,1
0,0,293,2558,0,0,0,0,0,1,0,0,0,0,0,0,0,0,0,0,1,1,0.00,0.00,0.00,0.00,1.00,0.00,0.00,32,255,1.00,0.00,0.03,0.04,0.00,0.00,0.00,0.00,0,0,0
0,2,1032,0,0,0,0,0,0,0,0,0,0,0,0,0,0,0,0,0,508,508,0.00,0.00,0.00,0.00,1.00,0.00,0.00,255,255,1.00,0.00,1.00,0.00,0.00,0.00,0.00,0.00,0,0,1
0,2,1032,0,0,0,0,0,0,0,0,0,0,0,0,0,0,0,0,0,511,511,0.00,0.00,0.00,0.00,1.00,0.00,0.00,255,255,1.00,0.00,1.00,0.00,0.00,0.00,0.00,0.00,0,0,1
0,2,1032,0,0,0,0,0,0,0,0,0,0,0,0,0,0,0,0,0,126,126,0.00,0.00,0.00,0.00,1.00,0.00,0.00,255,255,1.00,0.00,1.00,0.00,0.00,0.00,0.00,0.00,0,0,1
0,2,520,0,0,0,0,0,0,0,0,0,0,0,0,0,0,0,0,0,511,511,0.00,0.00,0.00,0.00,1.00,0.00,0.00,255,255,1.00,0.00,1.00,0.00,0.00,0.00,0.00,0.00,0,0,1
0,2,520,0,0,0,0,0,0,0,0,0,0,0,0,0,0,0,0,0,511,511,0.00,0.00,0.00,0.00,1.00,0.00,0.00,255,255,1.00,0.00,1.00,0.00,0.00,0.00,0.00,0.00,0,0,1
0,0,218,4904,0,0,0,0,0,1,0,0,0,0,0,0,0,0,0,0,1,2,0.00,0.00,0.00,0.00,1.00,0.00,1.00,255,255,1.00,0.00,0.00,0.00,0.00,0.00,0.00,0.00,0,0,0
0,2,1032,0,0,0,0,0,0,0,0,0,0,0,0,0,0,0,0,0,117,117,0.00,0.00,0.00,0.00,1.00,0.00,0.00,255,255,1.00,0.00,1.00,0.00,0.00,0.00,0.00,0.00,0,0,1
0,2,1032,0,0,0,0,0,0,0,0,0,0,0,0,0,0,0,0,0,135,135,0.00,0.00,0.00,0.00,1.00,0.00,0.00,255,255,1.00,0.00,1.00,0.00,0.00,0.00,0.00,0.00,0,0,1
0,2,520,0,0,0,0,0,0,0,0,0,0,0,0,0,0,0,0,0,510,510,0.00,0.00,0.00,0.00,1.00,0.00,0.00,255,255,1.00,0.00,1.00,0.00,0.00,0.00,0.00,0.00,0,0,1
1,0,2599,293,0,0,0,0,0,1,0,0,0,0,0,0,0,0,0,0,2,2,0.00,0.00,0.00,0.00,1.00,0.00,0.00,255,247,0.97,0.04,0.00,0.00,0.00,0.00,0.03,0.00,1,0,0
0,2,1032,0,0,0,0,0,0,0,0,0,0,0,0,0,0,0,0,0,507,507,0.00,0.00,0.00,0.00,1.00,0.00,0.00,255,255,1.00,0.00,1.00,0.00,0.00,0.00,0.00,0.00,0,0,1
0,0,0,0,0,0,0,0,0,0,0,0,0,0,0,0,0,0,0,0,219,10,0.00,0.00,1.00,1.00,0.05,0.07,0.00,255,10,0.04,0.07,0.00,0.00,0.00,0.00,1.00,1.00,0,0,1
0,2,520,0,0,0,0,0,0,0,0,0,0,0,0,0,0,0,0,0,511,511,0.00,0.00,0.00,0.00,1.00,0.00,0.00,255,255,1.00,0.00,1.00,0.00,0.00,0.00,0.00,0.00,0,0,1
0,0,0,0,0,0,0,0,0,0,0,0,0,0,0,0,0,0,0,0,264,20,0.00,0.00,1.00,1.00,0.08,0.06,0.00,255,20,0.08,0.06,0.00,0.00,0.00,0.00,1.00,1.00,0,0,1
0,1,105,0,0,0,0,0,0,0,0,0,0,0,0,0,0,0,0,0,1,1,0.00,0.00,0.00,0.00,1.00,0.00,0.00,255,253,0.99,0.01,0.01,0.00,0.00,0.00,0.00,0.00,0,0,0
0,1,105,146,0,0,0,0,0,0,0,0,0,0,0,0,0,0,0,0,1,1,0.00,0.00,0.00,0.00,1.00,0.00,0.00,255,253,0.99,0.01,0.00,0.00,0.00,0.00,0.00,0.00,0,0,0
0,0,54540,8314,0,0,0,2,0,1,1,0,0,0,0,0,0,0,0,0,5,5,0.00,0.00,0.00,0.00,1.00,0.00,0.00,255,255,1.00,0.00,0.00,0.00,0.00,0.00,0.05,0.05,0,0,1
0,1,105,146,0,0,0,0,0,0,0,0,0,0,0,0,0,0,0,0,3,3,0.00,0.00,0.00,0.00,1.00,0.00,0.00,255,255,1.00,0.00,0.00,0.00,0.00,0.00,0.00,0.00,0,0,0
0,0,197,633,0,0,0,0,0,1,0,0,0,0,0,0,0,0,0,0,4,6,0.00,0.00,0.00,0.00,1.00,0.00,0.50,19,255,1.00,0.00,0.05,0.10,0.00,0.00,0.00,0.00,0,0,0
0,2,1032,0,0,0,0,0,0,0,0,0,0,0,0,0,0,0,0,0,510,510,0.00,0.00,0.00,0.00,1.00,0.00,0.00,255,255,1.00,0.00,1.00,0.00,0.00,0.00,0.00,0.00,0,0,1
0,2,1032,0,0,0,0,0,0,0,0,0,0,0,0,0,0,0,0,0,511,511,0.00,0.00,0.00,0.00,1.00,0.00,0.00,255,255,1.00,0.00,1.00,0.00,0.00,0.00,0.00,0.00,0,0,1
1,0,2599,293,0,0,0,0,0,1,0,0,0,0,0,0,0,0,0,0,3,3,0.00,0.00,0.00,0.00,1.00,0.00,0.00,255,246,0.96,0.04,0.00,0.00,0.00,0.00,0.03,0.00,1,0,0
0,2,508,0,0,0,0,0,0,0,0,0,0,0,0,0,0,0,0,0,511,511,0.00,0.00,0.00,0.00,1.00,0.00,0.00,255,255,1.00,0.00,1.00,0.00,0.00,0.00,0.00,0.00,0,0,1
0,0,295,1135,0,0,0,0,0,1,0,0,0,0,0,0,0,0,0,0,1,2,0.00,0.00,0.00,0.00,1.00,0.00,1.00,3,255,1.00,0.00,0.33,0.04,0.00,0.00,0.00,0.00,0,0,0
0,2,1032,0,0,0,0,0,0,0,0,0,0,0,0,0,0,0,0,0,132,132,0.00,0.00,0.00,0.00,1.00,0.00,0.00,255,255,1.00,0.00,1.00,0.00,0.00,0.00,0.00,0.00,0,0,1
0,2,1032,0,0,0,0,0,0,0,0,0,0,0,0,0,0,0,0,0,511,511,0.00,0.00,0.00,0.00,1.00,0.00,0.00,255,255,1.00,0.00,1.00,0.00,0.00,0.00,0.00,0.00,0,0,1
0,2,520,0,0,0,0,0,0,0,0,0,0,0,0,0,0,0,0,0,509,509,0.00,0.00,0.00,0.00,1.00,0.00,0.00,255,255,1.00,0.00,1.00,0.00,0.00,0.00,0.00,0.00,0,0,1
0,2,508,0,0,0,0,0,0,0,0,0,0,0,0,0,0,0,0,0,511,511,0.00,0.00,0.00,0.00,1.00,0.00,0.00,255,255,1.00,0.00,1.00,0.00,0.00,0.00,0.00,0.00,0,0,1
0,1,105,146,0,0,0,0,0,0,0,0,0,0,0,0,0,0,0,0,1,1,0.00,0.00,0.00,0.00,1.00,0.00,0.00,255,253,0.99,0.01,0.01,0.00,0.00,0.00,0.00,0.00,0,0,0
0,2,1032,0,0,0,0,0,0,0,0,0,0,0,0,0,0,0,0,0,511,511,0.00,0.00,0.00,0.00,1.00,0.00,0.00,255,255,1.00,0.00,1.00,0.00,0.00,0.00,0.00,0.00,0,0,1
0,2,1032,0,0,0,0,0,0,0,0,0,0,0,0,0,0,0,0,0,154,154,0.00,0.00,0.00,0.00,1.00,0.00,0.00,255,255,1.00,0.00,1.00,0.00,0.00,0.00,0.00,0.00,0,0,1
0,2,1032,0,0,0,0,0,0,0,0,0,0,0,0,0,0,0,0,0,162,162,0.00,0.00,0.00,0.00,1.00,0.00,0.00,255,255,1.00,0.00,1.00,0.00,0.00,0.00,0.00,0.00,0,0,1
0,0,225,673,0,0,0,0,0,1,0,0,0,0,0,0,0,0,0,0,7,9,0.00,0.00,0.00,0.00,1.00,0.00,0.22,255,255,1.00,0.00,0.00,0.00,0.00,0.00,0.00,0.00,0,0,0
0,0,803,326,0,0,0,0,0,1,0,0,0,0,0,0,0,0,0,0,1,1,0.00,0.00,0.00,0.00,1.00,0.00,0.00,49,171,0.33,0.45,0.02,0.02,0.02,0.05,0.00,0.01,0,0,0
0,2,1032,0,0,0,0,0,0,0,0,0,0,0,0,0,0,0,0,0,511,511,0.00,0.00,0.00,0.00,1.00,0.00,0.00,255,255,1.00,0.00,1.00,0.00,0.00,0.00,0.00,0.00,0,0,1
